lga_code,a_total,b_total,c_total,d_total,e_total,f_total,offence_total,lga_name,ref_period
20110,652.4073003551077,1891.1553390040467,222.974646956809,635.8906598397886,231.2329672144686,24.77496077297878,3658.435874143199,Alpine (S),2012
20260,2320.2470224966914,5090.427878253198,335.24481693868546,1561.5350683722982,741.067490074989,123.51124834583149,10172.033524481694,Ararat (RC),2012
20570,1755.8157528240574,6803.528137411668,232.114303399185,580.8015680610719,710.7855779646154,22.6956207768092,10105.740960437406,Ballarat (C),2012
20660,974.1100323624595,3521.0355987055013,278.31715210355986,254.0453074433657,891.5857605177994,20.22653721682848,5939.320388349514,Banyule (C),2012
20740,1446.9558400836163,3635.35406323491,385.41938855500393,646.7206689312777,411.5495165926313,101.25424614580612,6627.2537235432455,Bass Coast (S),2012
20830,1160.3756546866534,3381.795195954488,270.9048221058335,528.2644031063753,327.34332671121547,13.545241105291673,5682.228643669857,Baw Baw (S),2012
20910,435.087429891125,3515.7538766083803,127.84559551303201,172.17914879577697,239.1949851534147,0.0,4490.0610359617285,Bayside (C),2012
21010,1347.3162916029423,3554.001893525599,502.51256281407035,655.4511688879178,589.906051999126,50.97953535794917,6700.167504187604,Benalla (RC),2012
21110,395.3507699248477,3079.1057711714493,168.58801600398914,218.45207707559155,120.50481425637251,20.776692113167673,4002.7781405454175,Boroondara (C),2012
21180,1233.6164358053938,6431.357133251264,563.7911593408298,435.5157396008979,629.4805879979724,17.068906658942556,9310.829962655302,Brimbank (C),2012
21270,802.5177025963809,2974.036191974823,94.41384736428009,802.5177025963809,78.67820613690007,15.735641227380016,4767.899291896145,Buloke (S),2012
21370,900.8034192658316,4339.005058565748,227.22969134633593,838.5857656829063,432.8184597073065,27.051153731706655,6765.493548299835,Campaspe (S),2012
21450,1126.1036564074425,3811.044046490747,300.5437222527062,400.30927320796127,326.7321793784606,14.964832643288274,5979.697710380606,Cardinia (S),2012
21610,1043.565984157824,3314.9006127634134,289.56807652069944,291.43625765954266,391.19713047377076,9.714541921984756,5340.382603497235,Casey (C),2012
21670,1406.8833955965345,3807.3285112471185,286.14577537556636,882.2828074079962,524.6005881885383,39.74246880216199,6946.983546617916,Central Goldfields (S),2012
21750,1468.6762652284874,3664.4676650455053,279.28925699426975,905.2824192228054,433.3798815428324,91.49130832570906,6842.586796359609,Colac-Otway (S),2012
21830,689.5710014035516,3338.01183865259,152.55995606273265,311.2223103679746,305.1199121254653,18.307194727527918,4814.792213339842,Corangamite (S),2012
21890,965.1481944953367,6000.37333812681,358.81942187899693,369.8812923030123,339.46114863697017,26.963309158537342,8060.646704599664,Darebin (C),2012
22110,1362.3725671918442,4033.8276181649676,176.08897126969416,773.8646895273401,611.6774791473587,76.45968489341983,7034.291010194625,East Gippsland (S),2012
22170,1504.3186544621035,5600.588976425764,496.37961655813103,1091.42796423638,1025.3958134098395,46.29840460251681,9764.409429694735,Frankston (C),2012
22250,1011.9506553585197,2447.9568234387048,240.940632228219,790.2852737085582,443.33076329992286,19.275250578257516,4953.739398612182,Gannawarra (S),2012
22490,364.663585002568,1412.4293785310736,66.76938880328711,77.04160246533128,92.44992295839754,5.136106831022086,2018.4899845916793,Golden Plains (S),2012
22620,1145.6976014671106,3838.617827324936,231.64905168669463,646.6869359586892,766.3722793301481,37.642970899087885,6666.666666666667,Greater Bendigo (C),2012
22670,1662.370419646322,5674.510782194136,671.4618326958257,1055.3522922556683,1059.5099506624535,47.12012861023339,10170.325406064638,Greater Dandenong (C),2012
22750,956.3323782234958,4939.369627507163,245.27220630372491,533.6389684813754,461.66189111747855,37.59312320916906,7173.868194842407,Greater Geelong (C),2012
22830,1418.7466935988073,5788.807130604851,686.1283444749034,1093.3166610558042,814.3766331618012,32.06207217172446,9833.437535067891,Greater Shepparton (C),2012
22910,699.3481803367736,3102.933188484519,61.10809342748506,325.9098316132537,244.43237370994024,27.159152634437802,4460.890820206409,Hepburn (S),2012
22980,726.5179034769071,2144.957619788964,570.8354955889984,674.6237675142709,242.17263449230236,0.0,4359.107420861443,Hindmarsh (S),2012
23110,902.8603794958935,5757.009345794393,278.6745964316058,475.78589634664405,205.04106485414894,64.57094307561597,7683.942225998301,Hobsons Bay (C),2012
23190,2434.9243543375273,4696.653252508788,560.3382405379247,1400.845601344812,891.4472008557893,56.03382405379247,10040.242473638633,Horsham (RC),2012
23270,1458.7101340193447,5557.927137513059,407.78727658761807,481.93041778536684,656.6161519709718,22.467618544772346,8585.438736421132,Hume (C),2012
23350,481.3634293891888,1879.9193391010213,117.0884017433162,552.917452676771,201.65224744682237,45.53437845573408,3278.475248812854,Indigo (S),2012
23430,859.2531363739384,3880.304504912875,254.64289999600035,405.9621102030477,474.62236857893265,75.32630287839802,5950.111322943192,Kingston (C),2012
23670,789.8669323276168,4042.488501322914,240.00051752133157,315.68801226525557,346.09239049572074,25.229164914641323,5759.3655188474795,Knox (C),2012
23810,2790.502831042824,6774.232780638099,540.5332360373509,1025.6618153808731,1575.6543830488777,31.080661072147677,12737.665707220172,Latrobe (C),2012
23940,1412.2035704769519,3290.7007727151613,173.19477751132428,359.71223021582733,293.09885424993337,173.19477751132428,5702.104982680523,Loddon (S),2012
24130,549.2106533079026,2300.250476825149,193.02801204127124,273.4563503918009,310.2235907806145,43.661097961716116,3669.830181308454,Macedon Ranges (S),2012
24210,438.3266687173177,2342.8688608633242,140.98226186814315,142.69113776957516,118.76687514952664,25.633138521480568,3209.2689428893673,Manningham (C),2012
22310,449.5769954467761,3017.0494534694994,168.7709168210741,152.2529121960328,178.10718030479308,17.236178739173525,3982.9936369773486,Glen Eira (C),2012
22410,976.8195161453589,4150.217633363701,278.3682558963458,698.4512602490131,409.96052232007287,30.36744609778318,6544.184634072274,Glenelg (S),2012
24250,819.672131147541,2955.78738201689,223.54694485842026,658.2215598609041,484.35171385991055,173.86984600099353,5315.44957774466,Mansfield (S),2012
24330,1229.4122238701116,8043.8685504644445,1241.1209117164938,798.7927041865064,254.989201987875,37.727994171675384,11605.911586397107,Maribyrnong (C),2012
24410,844.0573922047187,3654.5004067746468,225.57503143258634,340.2115228163597,756.2310479994084,28.65912284594335,5849.234524073663,Maroondah (C),2012
24600,3383.67261757954,17614.63886622778,1519.6645734125102,5587.2811094879435,2159.024075584815,140.39348118917073,30404.674723481756,Melbourne (C),2012
24650,1160.4923609402704,4908.3397663745645,313.87585785665203,380.892595074694,288.426463976383,86.52793919291489,7138.554983415478,Melton (S),2012
24780,1643.7726306109548,5647.834166714562,498.11291836695597,1436.8641875969884,808.4755828879055,26.821464835143782,10061.88095101251,Mildura (RC),2012
24850,1546.6342030268654,3455.71756633373,298.81304816977007,899.2059319923636,697.2304457294634,113.43828680519049,7011.039482057384,Mitchell (S),2012
24900,687.6810835340525,2921.77191328935,335.1136244632946,582.9580758892729,422.38279750061093,13.963067685970607,4963.870562362551,Moira (S),2012
24970,573.5531953915668,3823.687969277112,118.93448043972413,160.0613568534605,129.49408384325105,6.1134546020418945,4811.844540407156,Monash (C),2012
25060,877.4325407662558,5002.070247460643,299.5251645186014,434.31148855197205,299.5251645186014,21.142952789548332,6934.007558605622,Moonee Valley (C),2012
25150,718.983201008621,3516.543428629843,177.19017276041845,323.71281561999524,241.9327358844175,37.48253654547313,5015.844890448768,Moorabool (S),2012
25250,967.7192848069349,5419.4833298224785,263.63328801138795,331.2970374767805,269.37832334335525,20.42679229143926,7271.938055752376,Moreland (C),2012
25340,885.7654312802493,3795.6639925744216,257.2432539945634,592.7202811111848,385.20188291453957,21.878936551084003,5938.473778426042,Mornington Peninsula (S),2012
25430,1117.568171658471,2503.3527045149754,273.80420205632544,508.4935181046044,776.7098793026374,39.11488600804649,5219.04336164506,Mount Alexander (S),2012
25490,1836.558609638851,3919.6351534574137,265.00677924318995,955.2569949463824,597.8059903858006,61.62948354492789,7635.893011216565,Moyne (S),2012
25620,871.6382328838561,2220.070029054608,290.546077627952,722.6402443567011,193.69738508530136,111.74849139536616,4410.340460403785,Murrindindi (S),2012
25710,615.1296393682969,1848.5761183088714,181.67041162690634,176.88961132093513,175.29601121894473,4.780800305971219,3002.3425921499256,Nillumbik (S),2012
25810,1875.261615738803,3474.2570113017996,644.6211804102135,1071.5780661364588,669.7362913352868,33.48681456676434,7768.940979489326,Northern Grampians (S),2012
25900,1470.2073829113292,6453.572922684622,514.9710142040361,1264.0197621371794,401.4184114588521,168.33675319242184,10272.52624658844,Port Phillip (C),2012
25990,741.1799584939223,2282.8342721612808,207.53038837829826,237.17758671805512,74.11799584939224,0.0,3542.840201600949,Pyrenees (S),2012
26080,388.97893030794165,2658.0226904376013,0.0,291.7341977309562,194.48946515397083,97.24473257698541,3630.470016207456,Queenscliffe (B),2012
26170,742.1818705865398,2525.580054762934,190.9497045683816,554.834990632656,399.913532209252,7.205649228995533,4420.665801988759,South Gippsland (S),2012
26260,1099.4380649890056,3090.642560469094,274.8595162472514,1099.4380649890056,360.3713657463963,73.29587099926704,5998.04544344002,Southern Grampians (S),2012
26350,1003.0932827339481,6094.656428197298,413.0965440224535,848.9232806585827,194.68904108235247,34.58942354254993,8589.048000237184,Stonnington (C),2012
26430,827.6432857438443,2596.730809021312,206.91082143596108,413.82164287192217,144.83757500517277,196.56528036416302,4386.509414442375,Strathbogie (S),2012
26490,476.81444274586886,3461.45446604062,76.43590303559729,556.8901506879231,171.07083060347964,65.51648831622624,4808.182281429716,Surf Coast (S),2012
26610,2019.09307875895,4052.5059665871127,525.0596658711218,1131.2649164677803,863.961813842482,42.95942720763723,8634.844868735083,Swan Hill (RC),2012
26670,1049.0693739424705,2335.0253807106596,236.88663282571912,846.0236886632825,236.88663282571912,270.72758037225043,4974.619289340101,Towong (S),2012
26700,1495.1691708607325,3570.7725652988497,808.1995518166121,1605.378200653907,749.4214025935859,194.70261930127475,8423.643510524962,Wangaratta (RC),2012
26730,966.549509150406,3299.600048478972,284.8139619440068,627.1967034298873,515.0890801115016,30.299357653617747,5723.5486607683915,Warrnambool (C),2012
26810,1867.8772402704876,4421.430935830142,380.66865276398545,728.2356835484939,836.9981557667754,49.65243296921549,8284.8631011491,Wellington (S),2012
26890,1001.19189511323,1454.1120381406438,381.40643623361143,476.7580452920143,119.18951132300357,95.35160905840286,3528.0095351609057,West Wimmera (S),2012
26980,527.94797107272,2953.620932101245,160.70711128967457,189.58417034953797,124.29690638810767,37.665729208517476,3993.8228204098027,Whitehorse (C),2012
27070,1023.8004177576418,5099.585184313494,303.6097790591627,283.01609249507226,297.1374775675914,14.709776117207497,7021.85872731017,Whittlesea (C),2012
27170,1282.2615923009625,5867.235345581803,415.57305336832894,803.8057742782153,705.3805774278215,27.340332458442695,9101.596675415572,Wodonga (RC),2012
27260,784.9758748511397,5440.59846023963,312.53669091295376,384.10144303613464,290.7318055004221,12.300191771171706,7225.244466311452,Wyndham (C),2012
27350,1407.6333238667935,9185.424821267612,1092.767975107116,1343.4254880412905,329.68254164248583,97.54651981182165,13456.480669737117,Yarra (C),2012
27450,652.6619090695882,2812.3429490401045,232.5191811572352,280.09515194156864,240.56019030388316,36.18454115991557,4254.363922672295,Yarra Ranges (S),2012
27630,1098.282174035483,3069.557871022247,211.20811039143902,1027.87947057167,253.44973246972683,84.48324415657561,5744.860602647142,Yarriambiack (S),2012
20110,640.0665004156276,1870.3241895261847,299.25187032418955,897.7556109725687,307.5644222776392,33.25020781379884,4048.2128013300085,Alpine (S),2013
20260,2407.7046548956664,4761.9047619047615,2345.282682361334,1471.3750668806847,1257.3568753344034,98.091671125379,12341.71571250223,Ararat (RC),2013
20570,1567.4140204930507,6762.706705894288,360.1501471035812,748.706502992797,768.9966521253931,8.11605965303845,10216.090088262148,Ballarat (C),2013
20660,954.5637314032971,4356.252513067953,239.64616003216724,390.0281463610776,1055.0864495375956,10.454362685967029,7006.031363088058,Banyule (C),2013
20740,1762.7118644067796,3441.4850686037125,464.8910411622276,719.9354317998386,584.3422114608555,45.19774011299435,7018.563357546409,Bass Coast (S),2013
20830,1180.3002790203286,3901.8557066300546,491.607245670756,812.7020682935471,538.1106337747465,86.36343505026795,7010.9393684397,Baw Baw (S),2013
20910,439.6051694311591,2938.8419660120076,222.85539839218478,257.45395339371123,279.8412536888165,12.211254706421084,4150.8089956243,Bayside (C),2013
21010,2095.349346572242,3781.8500401547785,459.95473461341896,693.5825363218223,744.6886179455355,80.30955683726364,7855.73483244506,Benalla (RC),2013
21110,416.71068540104,3198.1077813384045,171.9665222852179,234.17966686621827,134.4038689532932,13.499078541160452,4168.867603385334,Boroondara (C),2013
21180,1302.7914765482171,6521.126832690644,644.7383918923763,583.2859637533095,898.229657966027,17.923624873894497,9968.095947724467,Brimbank (C),2013
21270,675.8931445123914,2333.440617959446,128.7415513356936,482.780817508851,144.8342452526553,144.8342452526553,3910.5246218216926,Buloke (S),2013
21370,1224.9986449130035,4507.019350642311,222.23426743996967,688.3841942652718,547.4551466204131,40.65260989755542,7230.744213778524,Campaspe (S),2013
21450,1287.2112407716122,4162.8959276018095,288.16384853536556,382.23386520600144,821.6241962371994,26.19671350321505,6968.3257918552035,Cardinia (S),2013
21610,1068.6372964240493,3460.2453827009563,318.73553682923637,315.824710008878,424.25300906722555,13.462574044157243,5601.158509074503,Casey (C),2013
21670,2171.156893819334,3843.10618066561,293.1854199683043,1125.1980982567354,911.2519809825673,55.467511885895405,8399.366085578447,Central Goldfields (S),2013
21750,1321.0103551727475,3087.196361172941,348.39833543017517,735.5075970192587,512.9197716055356,140.32710732604278,6145.3595277267,Colac-Otway (S),2013
21830,838.092873106531,2005.2148000993295,248.32381425378696,384.90191209336973,384.90191209336973,6.208095356344674,3867.6434070027312,Corangamite (S),2013
21890,1130.5830207978179,5447.664507330378,342.99352199113537,387.3167405386976,336.1745652915104,25.91203545857484,7670.644391408115,Darebin (C),2013
22110,1837.4216156399855,4947.436370343046,288.1777941718923,781.5381777941719,1035.134636665437,43.80302471412763,8933.511619328661,East Gippsland (S),2013
22170,1457.7477983886079,5773.280869402286,678.2836799700206,1491.4746112047967,1139.2167884579353,21.735057148210604,10561.738804571858,Frankston (C),2013
22250,1309.2813500145476,2647.6578411405294,232.76112889147512,824.362331490641,329.74493259625643,19.39676074095626,5363.204344874406,Gannawarra (S),2013
22490,437.1367542595996,1261.7356316129353,39.73970493269087,198.69852466345438,84.4468729819681,24.837315582931797,2046.5948040335802,Golden Plains (S),2013
22620,1281.1009104559882,4366.007108779533,316.4737412328221,776.4535933550018,1284.9023968371635,25.660033072931515,8050.59778373344,Greater Bendigo (C),2013
22670,1711.716628689162,6120.973133758135,718.3888441648814,1116.1292963473372,1251.2109593526995,42.29829851683063,10960.717160829046,Greater Dandenong (C),2013
22750,1159.5643725428172,4981.698224049889,252.60969768177506,743.8203262686972,564.8696280898369,12.201183966740476,7714.763432599755,Greater Geelong (C),2013
22830,1669.6700527851754,5477.857336501507,842.0112587111487,1097.166185593315,910.5841453107308,31.89436586027078,10029.183344762148,Greater Shepparton (C),2013
22910,621.3277503883298,2991.8281893698927,87.7963125548727,283.649625177281,141.8248125886405,13.507125008441955,4139.933815087458,Hepburn (S),2013
22980,808.0098366414895,2599.683822237836,281.0468997013877,351.30862462673457,544.5283681714386,35.13086246267346,4619.708413841559,Hindmarsh (S),2013
23110,999.0602344938692,5296.249888123154,378.14373937169967,521.3461022106865,341.2243802022733,31.325516871028373,7567.349861272711,Hobsons Bay (C),2013
23190,2110.2410251194956,8776.568697243974,376.28394182853657,1098.3423166887014,910.2003457744331,5.0849181328180615,13276.72124478796,Horsham (RC),2013
23270,1445.293510380878,5137.182715469447,390.54605439241413,475.7561026234863,732.4786838324858,33.31931373138079,8214.576380430093,Hume (C),2013
23350,371.1179113223517,1888.1437593593332,208.34689758447814,312.5203463767172,312.5203463767172,65.10840549514943,3157.7576665147467,Indigo (S),2013
23430,895.5145083909115,4020.2464149723164,343.1595758019705,428.94946975246313,518.6988972699016,25.73696818514779,6232.305834372711,Kingston (C),2013
23670,805.7637632463168,3925.432928405273,318.55776686482295,296.5882657017317,303.0498836908762,38.769707934866894,5688.162315843887,Knox (C),2013
23810,3136.2237913882605,6851.171679113075,666.820270251955,1271.2955558868575,1995.0395077456867,21.68521204071399,13942.236016426548,Latrobe (C),2013
23940,1119.050829176217,2871.7810435486044,256.16826210057974,296.6158824322502,256.16826210057974,40.447620331670485,4840.231899689901,Loddon (S),2013
24130,873.8877791901217,2172.2353368440167,206.55529326311967,299.6186671508989,474.39622298892317,43.12692936262938,4069.8202287997096,Macedon Ranges (S),2013
22310,473.196160674499,2861.811160073278,174.00038195205795,206.53703873984114,230.58587201776783,10.609779387320605,3956.7403928447648,Glen Eira (C),2013
22410,1107.6923076923076,4030.769230769231,415.38461538461536,841.025641025641,758.9743589743589,35.8974358974359,7189.74358974359,Glenelg (S),2013
24210,522.9582059296987,2188.077574972958,166.937798635539,145.64471207488353,257.22048565271825,20.441363098229267,3301.280140364027,Manningham (C),2013
24250,562.5535037299743,2935.0617585911705,146.75308792955852,660.3888956830133,110.0648159471689,207.9002079002079,4622.722269781093,Mansfield (S),2013
24330,1254.7019767236372,7234.101638433768,727.0707631718461,883.5929413546742,324.4048370402161,44.17964706773371,10468.051803791877,Maribyrnong (C),2013
24410,839.5300824000145,3418.413023221822,331.6098149197011,462.24398443352277,708.895912886193,44.76275738585497,5805.455575247109,Maroondah (C),2013
24600,3215.8514570618067,17916.272672569416,1714.0892289177339,4947.992779162727,2210.951603197799,171.06507349780796,30176.222814407287,Melbourne (C),2013
24650,1367.4197384066586,4665.841382568045,311.1103871776913,351.83164204388123,526.9330379684981,13.030801557180785,7236.166989721955,Melton (S),2013
24780,1841.0502916421258,5720.745539870423,630.7829688598407,1394.562346816636,875.8763513385139,17.09953831246556,10480.117036840005,Mildura (RC),2013
24850,1754.855994641661,4029.47086403215,369.72538513060954,736.7716008037509,584.0589417280644,34.82920294708641,7509.7119892833225,Mitchell (S),2013
24900,775.0043637633095,2688.078198638506,408.44824576714956,432.8853203002269,314.1909582824228,41.8921277709897,4660.499214522604,Moira (S),2013
24970,591.881513987932,3599.5611629182667,154.69007131102578,347.22984092155787,151.947339550192,16.456390565002742,4861.766319253977,Monash (C),2013
25060,955.8267161829552,4644.32635524748,319.1887214186939,387.8969203071865,273.9630715174075,30.440341279711948,6611.6421259534345,Moonee Valley (C),2013
25150,861.0167254973114,3869.626892752284,300.20123379408176,395.86975884933855,359.58169762148253,13.195658628311284,5799.49196714281,Moorabool (S),2013
25250,957.6710640720099,5259.371852852684,357.1718991411611,397.2051768032177,424.72805519588155,13.761439196331951,7409.909487261286,Moreland (C),2013
25340,949.3379616846147,3767.1097787069543,213.0093487436393,534.4956806437616,523.3192641973361,34.84412186238544,6022.116155838691,Mornington Peninsula (S),2013
25430,1258.0716989534624,2633.0438655087955,283.90113560454245,489.8686261411712,779.3364506791361,50.1002004008016,5494.321977287909,Mount Alexander (S),2013
25490,1478.9812826020252,2516.1092359619515,306.84258975145747,816.201288738877,754.8327707885854,12.2737035900583,5885.240871432955,Moyne (S),2013
25620,1009.1266602359575,2255.694887586258,289.38190992060544,934.9261705127254,140.98093047414113,118.72078355717147,4748.83134228686,Murrindindi (S),2013
25710,529.8436003830195,2283.7535908075324,97.3507819980849,210.66070858601978,188.31790616022982,23.938716884774976,3333.8653048196616,Nillumbik (S),2013
25810,2318.4713375796177,12135.88110403397,458.59872611464965,1010.6157112526539,747.3460721868365,59.447983014862,16730.36093418259,Northern Grampians (S),2013
25900,1306.6916676432672,7527.6377983514985,522.4813469276144,1408.2581350834016,464.86190866830736,90.82386030704325,11320.754716981133,Port Phillip (C),2013
25990,991.2708980618435,2751.8863737239235,207.131232430833,458.6477289539872,266.3115845539281,73.97544015386892,4749.223257878384,Pyrenees (S),2013
26080,196.46365422396855,2324.8199083169616,65.48788474132286,130.97576948264572,0.0,0.0,2717.7472167648984,Queenscliffe (B),2013
26170,731.3138555296648,3265.8182469976696,297.5443627890303,444.52410826312956,458.8635956264564,7.169743681663381,5205.233912887614,South Gippsland (S),2013
26260,1245.8935101964917,3638.5049277877642,471.0841133081262,880.1834748651831,409.09936155705697,49.58780140085539,6694.353189115477,Southern Grampians (S),2013
26350,971.0433137701896,6377.261483241985,510.2585245186012,822.6221079691516,368.6278314012708,29.102197215889802,9078.915458117088,Stonnington (C),2013
26430,752.4221809936096,2844.774273345702,391.6718202432488,505.0505050505051,195.8359101216244,30.921459492888065,4720.676149247577,Strathbogie (S),2013
26490,488.28816078126107,2682.0465642912745,162.76272026042037,544.9012808718421,176.91600028306559,31.844880050951808,4086.759606538815,Surf Coast (S),2013
26610,1990.5031416374886,3462.995827137992,474.84291812556955,1079.1884502853854,1160.7271331958368,23.981965561897454,8192.23943594417,Swan Hill (RC),2013
26670,985.7239972807614,2311.3528212100614,33.990482664853836,815.7715839564922,424.881033310673,0.0,4571.719918422842,Towong (S),2013
26700,1641.5767970849129,3743.23677720932,758.2170856490853,1777.761419264603,916.4857006146711,114.1006293937944,8951.378409216386,Wangaratta (RC),2013
26730,1299.6389891696751,3249.0974729241875,252.7075812274368,538.5078219013237,583.6341756919375,27.075812274368232,5950.661853188929,Warrnambool (C),2013
26810,1961.1090083270249,5630.204390613172,409.2543527630583,546.4610143830432,1000.662376987131,35.48448145344436,9583.175624526873,Wellington (S),2013
26890,465.23016650342805,2522.0372184133203,195.88638589618023,220.37218413320275,195.88638589618023,48.97159647404506,3648.383937316357,West Wimmera (S),2013
26980,534.1668729883635,3324.4615003713793,151.64644714038127,247.5860361475613,163.40678385739045,39.61376578360981,4460.881406288685,Whitehorse (C),2013
27070,996.7612240339513,4654.9028367210185,340.0714764351128,305.4500781773509,537.1900826446281,10.609783337056063,6844.985481349118,Whittlesea (C),2013
27170,1305.385048382341,4843.595035784169,412.7911651968799,490.52456643525346,565.5775055619589,10.721848446672206,7628.595169807274,Wodonga (RC),2013
27260,924.55953835494,4574.136663440228,268.1645800606147,335.3379561310251,414.6765892850531,23.801589946208406,6540.67691721807,Wyndham (C),2013
27350,1456.147913972314,8638.69329884562,949.6096182401686,1417.8282320256742,439.4788523255257,85.02179431910714,12986.779709728411,Yarra (C),2013
27450,752.3930651315349,2579.824620121829,239.64120757748177,307.2494812236428,321.9760358792422,12.048999263672268,4213.133409197402,Yarra Ranges (S),2013
27630,868.8221051132316,2350.092579404643,299.1026919242273,484.26150121065376,455.77553055120353,42.72895598917533,4500.783364193135,Yarriambiack (S),2013
20110,815.3756552125801,2637.4906398202847,324.4862301356186,748.8143772360429,257.92495215908144,141.44271570014143,4925.534570263749,Alpine (S),2014
20260,2836.8794326241136,3860.310620342939,305.23386300386034,1463.3270491067422,1445.372115988868,71.81973247149655,9982.942813538019,Ararat (RC),2014
20570,1580.2075019952115,6032.521947326416,492.8172386272945,850.9577015163608,1146.2490023942537,11.971268954509178,10114.724660814047,Ballarat (C),2014
20660,931.0408047763669,4094.0287442905997,216.81772166024984,270.2250280986202,1274.6012387306598,30.290711114299604,6817.004248670795,Banyule (C),2014
20740,1977.2223979753242,4027.2065801961403,474.5333755140778,873.1414109459032,993.3565327428029,9.490667510281556,8354.95096488453,Bass Coast (S),2014
20830,1542.080501829587,4264.680257884649,561.9445896497648,734.0128942324446,897.3688795957485,84.94511238891793,8085.032235581112,Baw Baw (S),2014
20910,486.41831975498934,2794.4031867405965,298.25650059050787,265.22809616269996,309.26596873311047,13.011189623075845,4166.58326160498,Bayside (C),2014
21010,2447.989414099831,3749.1729765492905,529.2950084540174,757.1859148717195,1433.507314562964,51.45923693302948,8968.609865470851,Benalla (RC),2014
21110,394.66592485699886,3048.9536426911463,222.5429003598936,211.53166310250302,177.3388737242902,9.2726208483289,4064.305625583161,Boroondara (C),2014
21180,1215.3594721636132,5361.850260831727,612.7395173980581,537.8547539175357,1127.3192772608368,17.203256475255138,8872.326538047026,Brimbank (C),2014
21270,739.6449704142011,1923.076923076923,164.3655489809336,361.6042077580539,49.30966469428008,49.30966469428008,3287.310979618672,Buloke (S),2014
21370,1222.5866789557863,4559.624820407167,257.52934479113014,750.901352706769,840.3589145815826,10.843340833310744,7641.844452275746,Campaspe (S),2014
21450,1017.9929682652756,3803.1114277179036,422.823264471356,432.0150745685594,728.4509502033687,62.04471815612289,6466.438403382586,Cardinia (S),2014
21610,1083.6290450717652,3629.045071765267,343.2021609024946,325.1946401144007,643.3275073707255,14.47663435905584,6038.875059583708,Casey (C),2014
21670,2014.4341343484814,3909.9056229677217,253.78697755571417,1038.940439368705,1522.7218653342852,63.44674438892854,8803.235783963835,Central Goldfields (S),2014
21750,1726.4923917284434,3891.92352711666,312.13421771361686,785.2126414358173,755.9500585251658,68.27936012485368,7539.992196644557,Colac-Otway (S),2014
21830,1080.4020100502512,2110.552763819095,232.41206030150752,376.88442211055275,320.35175879396985,37.688442211055275,4158.291457286432,Corangamite (S),2014
21890,1120.5649907516395,6881.452833361358,346.3931393980158,439.88565663359674,850.1765596098872,30.939969732638307,9669.413149487136,Darebin (C),2014
22110,2021.6127112047254,3896.6985667841936,455.60694170978525,940.9771509684509,1504.1897522780348,57.23705297861624,8876.322175923806,East Gippsland (S),2014
22170,1464.0582954654963,5596.038517705839,784.2904691658205,1238.7045122647314,1684.223011289928,34.84088095538143,10802.155686847196,Frankston (C),2014
22250,1183.1985801617038,2474.857030171564,414.11950305659633,916.9788996253205,631.0392427529088,29.579964504042593,5649.773220272135,Gannawarra (S),2014
22490,379.78381536663744,1553.2184243840684,68.1663258350375,146.0706982179375,77.9043723829,4.86902327393125,2230.012659460512,Golden Plains (S),2014
22620,1282.5662534679732,4056.9448206929405,547.4026398632427,801.4871416427684,1246.1350197569382,21.48508654753342,7956.020961971397,Greater Bendigo (C),2014
22670,1890.061953889179,5523.664244711172,752.0104906801547,1007.5870097547268,1467.223315001405,54.192926819477336,10694.739940856114,Greater Dandenong (C),2014
22750,1039.9900402834962,5211.955216846149,307.2394689336878,662.9436297831094,674.0593848096538,10.671124825482647,7906.858865481579,Greater Geelong (C),2014
22830,1851.7051844577147,6128.526397490931,638.3551662416246,970.9968161442081,1557.0797231154268,7.920039283394846,11154.5833267333,Greater Shepparton (C),2014
22910,806.1807188444743,2344.6422573060127,147.7997984548203,208.26335236815586,423.244877393349,13.436345314074572,3943.5673496808868,Hepburn (S),2014
22980,939.3831974477137,1453.3853243530664,354.4842254519674,372.20843672456573,620.347394540943,35.44842254519674,3775.2570010634527,Hindmarsh (S),2014
23110,1085.4057376149608,5163.6339691389185,385.2147764437323,520.2045698983735,597.0280295880068,26.339471893588534,7777.826554577581,Hobsons Bay (C),2014
23190,2468.1326494337513,4743.28373368544,853.1816565943833,1208.6740135087095,2056.7772078614594,259.0015743232949,11589.050835407039,Horsham (RC),2014
23270,1451.7488299614668,5834.0267876545695,370.4901176133864,537.4491834906636,1119.9508133291638,28.621554150390367,9342.28728619964,Hume (C),2014
23350,710.5143080633596,1284.140538426439,189.0359168241966,345.4794341959455,208.59135649566522,19.555439671468612,2757.3169936770746,Indigo (S),2014
23430,891.9586497118288,3926.578407412732,417.554268985977,444.9991505155717,622.0839813374805,29.405230210280067,6332.57968817387,Kingston (C),2014
23670,943.4630568203041,4113.2413269019,449.5134564235988,417.3133520952608,475.917541972836,22.540073029836616,6421.988807243735,Knox (C),2014
23810,3443.404555889105,6442.630299243401,912.8078349339165,1378.7201673481031,2982.925603444763,47.54207473614148,15208.03053559543,Latrobe (C),2014
23940,992.7920576635387,2257.5819393444854,244.79804161566705,312.79749762001904,3250.373997008024,13.599891200870394,7071.943424452605,Loddon (S),2014
22310,405.53020991743574,2631.779958197057,215.26432375754294,231.23554777826385,248.59557388774311,37.49765639647522,3769.903269934518,Glen Eira (C),2014
22410,1549.9870834409714,4546.628778093515,485.662619478171,1017.8248514595713,971.325238956342,51.666236114699046,8623.09480754327,Glenelg (S),2014
24130,787.4368037224286,2798.532504138517,257.25918303431615,313.18509238960223,599.5257482886672,38.02961836159456,4793.968949935126,Macedon Ranges (S),2014
24210,491.2014179010001,2418.027598430181,222.8130143056083,124.91032620162889,254.04059585601553,1.6879773811030934,3512.6809300755367,Manningham (C),2014
24250,1107.460143604722,4064.7438237799684,352.92685895095536,803.2128514056224,474.6257758305951,377.2666423268833,7180.2360958987465,Mansfield (S),2014
24330,1203.700309173785,6932.580562378561,606.1272622844643,799.2081240605638,712.4439393383925,15.886400019552493,10269.946597255319,Maribyrnong (C),2014
24410,915.5911318972884,3862.9311507847283,290.5068129693754,452.3991545622161,1126.0511759679812,44.97009488690021,6692.44952106849,Maroondah (C),2014
24600,2971.342506568877,14246.891550091268,1723.051233148068,4130.41164962715,2810.9063822472517,130.14971309764505,26012.75303478026,Melbourne (C),2014
24650,1128.9741299612967,4953.853867970353,401.91792412917783,436.39041664708,720.7884799197731,6.267725912345853,7648.1925445400275,Melton (S),2014
24780,1659.8136481949525,5784.827794334,818.5899128597836,1401.4108416009656,1239.201780527368,24.51997434833453,10928.363951865404,Mildura (RC),2014
24850,1956.0857447972285,4060.6360534472433,362.0451644831089,755.3460266194359,1148.6468887557628,28.65105618211653,8311.410934284897,Mitchell (S),2014
24900,1078.9245446660884,2522.1162185602775,523.8508239375542,381.6131830008673,568.9505637467477,17.346053772766695,5092.8013876843015,Moira (S),2014
24970,662.2444952615731,3703.7037037037035,274.08812987560617,249.76078107007896,305.98398719840844,16.758840288252053,5212.539937397622,Monash (C),2014
25060,923.2972710299496,4915.726744929538,386.19913552776285,405.8074801572078,487.65100556706483,11.935514122270817,7130.617151333794,Moonee Valley (C),2014
25150,980.2335738086766,3869.172786386723,307.3339587848986,381.741127753874,459.3833910258484,45.29132024198505,6043.156158002005,Moorabool (S),2014
25250,942.2583587928806,5520.691111913844,295.10625661999256,369.8012012416504,536.334192529281,34.28620408862984,7698.477325186279,Moreland (C),2014
25340,969.1119942243527,3992.8714983512086,321.95331351748627,608.7844473785195,787.6473993326786,40.97587626586189,6721.3445290701075,Mornington Peninsula (S),2014
25430,1398.7947144357827,3134.8482335379,409.1336318903079,469.9507933875159,1089.1800740863603,16.58649859014762,6518.493945928015,Mount Alexander (S),2014
25490,2032.3212536728697,2907.6885406464253,1010.0391772771793,728.4524975514203,1585.4554358472085,48.97159647404506,8312.928501469149,Moyne (S),2014
25620,964.0150121421738,2273.8980057399367,463.61027301493857,684.3770696887188,470.96916623739787,132.46007800426815,4989.329604827434,Murrindindi (S),2014
25710,480.5167942210696,2378.7172429155594,120.92475616159366,138.4270235007717,249.80508838645005,14.320036913872933,3382.710942099317,Nillumbik (S),2014
25810,2116.9440887750748,2842.5096030729833,742.6376440460947,913.3589415279556,1109.6884336320957,93.89671361502347,7819.035424669228,Northern Grampians (S),2014
25900,1278.4673656893706,7130.794844151012,684.0754486561782,1264.1561638346388,935.9526012994571,28.622403709463523,11322.068827340121,Port Phillip (C),2014
25990,1413.635694301281,3887.498159328523,176.70446178766014,382.85966720659695,338.68355175968196,73.62685907819171,6273.008393461934,Pyrenees (S),2014
26080,65.94131223211342,1978.2393669634025,0.0,692.3837784371909,98.91196834817012,0.0,2835.476425980877,Queenscliffe (B),2014
26170,987.8583231553991,2424.74315683598,251.4548458941016,305.33802715712335,517.2785401250089,39.514332926215964,4526.187226093829,South Gippsland (S),2014
26260,1357.9781214635987,2822.8341506349807,540.6764742864328,880.1710046523324,886.4579403998492,81.73016471771659,6569.84785615491,Southern Grampians (S),2014
26350,755.1016555603798,6212.598871123025,440.79059143337173,833.4434523247692,433.2395748777679,58.520378305929434,8733.694523625243,Stonnington (C),2014
26430,1263.5011208477686,2527.002241695537,366.82290605257793,356.6333808844508,336.25433054819644,10.189525168127165,4860.403505196658,Strathbogie (S),2014
26490,562.1925509486999,2716.0927617709067,158.11665495432186,393.53478566408995,340.8292340126493,7.027406886858749,4177.793394237527,Surf Coast (S),2014
26610,2153.2030718382425,4077.962476912608,617.283950617284,1560.2216389617965,1856.7123554000195,14.581510644502773,10279.965004374453,Swan Hill (RC),2014
26670,1242.4503882657464,2191.5444348576357,86.28127696289906,379.6376186367558,276.10008628127696,34.51251078515962,4210.526315789473,Towong (S),2014
26700,1589.9365500959127,3644.6805371108157,833.7022281245389,1516.1575918548028,1375.9775711966947,29.511583296443856,8989.96606167921,Wangaratta (RC),2014
26730,1241.494568461263,3211.173451116151,316.34236600214876,495.40408260713855,835.6213441566193,11.937447773665989,6111.973260116986,Warrnambool (C),2014
26810,2190.923317683881,5422.772324180774,443.4011476264998,834.6374543557641,1254.3273106653387,28.453549580310142,10174.515104092568,Wellington (S),2014
26890,929.4147199196182,1532.2783220296408,276.312484300427,251.19316754584278,1004.7726701833711,0.0,3993.9713639788993,West Wimmera (S),2014
26980,597.0203976876917,3341.358786649231,190.0443640541168,206.54339244466712,402.0874326289674,18.943328892854087,4755.9977023575275,Whitehorse (C),2014
27070,1081.1215833614317,5225.77779205001,339.8575274428263,318.9843879620858,680.7854722949214,11.774591501956188,7658.3013546132315,Whittlesea (C),2014
27170,1770.5624294007932,4239.892820553235,436.0732392886227,667.2445950560854,1247.799931699372,26.26947224630257,8387.84248824441,Wodonga (RC),2014
27260,842.9963184652759,4473.440356633024,244.9347591975757,362.14280347617023,589.0455558616545,93.16536852913923,6605.725162162838,Wyndham (C),2014
27350,1273.487155145467,9732.915012098128,1272.3294395498801,1542.077173321602,860.1826875209837,122.71785313219955,14803.709320768261,Yarra (C),2014
27450,837.7989282572183,2989.282572182676,288.5974032898771,367.24519448665654,390.57292916366737,21.32821456183849,4894.825241941934,Yarra Ranges (S),2014
27630,1176.6414875072633,1350.9587449157466,406.74026728646135,958.744915746659,479.3724578733295,14.526438117373619,4386.984311446833,Yarriambiack (S),2014
20110,801.1469050430089,1846.8544442570417,387.92376454714116,851.7456569404623,362.62438859841455,67.46500252993759,4317.760161916006,Alpine (S),2015
20260,2928.908233587232,4425.099746100835,888.6470801595938,1441.784548422198,1532.4628219078709,72.54261878853826,11289.445048966269,Ararat (RC),2015
20570,1624.3674811474925,6816.436629978933,546.3781527496111,675.3430861013212,1452.0860816318493,48.23879186438008,11162.850223473588,Ballarat (C),2015
20660,967.2666201913937,4010.0766842005196,373.9146967488434,365.99277520755436,1554.2810064009127,17.42822739083592,7288.960010140059,Banyule (C),2015
20740,1866.8248368869604,3296.600380857241,655.5739393750196,674.3046233571629,1301.7825367589674,56.19205194643025,7851.278369181781,Bass Coast (S),2015
20830,1552.3821776233974,3336.335177323213,744.0284746344183,664.6940263304601,1140.700716154209,47.171834126677815,7485.312406192375,Baw Baw (S),2015
20910,561.5815082756783,2767.442089991216,300.03651760247135,313.85398880784834,322.7366488684478,8.88266006059948,4274.533413606261,Bayside (C),2015
21010,1933.9063426200357,3156.4908120924715,385.2993479549496,570.5394190871369,1600.4742145820983,44.457617071724954,7691.167753408417,Benalla (RC),2015
21110,387.3285770680886,2922.4141383512506,174.49810340585972,177.93085298105694,168.77685411386432,12.01462351319034,3842.9631494333103,Boroondara (C),2015
21180,1210.9390669501383,5654.558947410646,775.7029965100887,605.7202454972121,1062.0161257972643,13.037025151430061,9321.97440731678,Brimbank (C),2015
21270,890.4569892473119,2318.548387096774,67.20430107526882,386.4247311827957,100.80645161290322,50.40322580645161,3813.8440860215055,Buloke (S),2015
21370,1363.3766021716058,4582.687022069829,391.86872397746754,704.8194410428061,1091.24554385392,46.262279914006584,8180.259613029635,Campaspe (S),2015
21450,1213.634963249857,4020.5096606663437,479.73240614409576,545.7506271730998,1301.6592579551955,35.20971788213547,7596.4966330707275,Cardinia (S),2015
21610,1170.0449332845103,3988.556214516223,414.4265616284124,406.2133184582374,847.3329203897184,14.373175547806207,6840.947123824907,Casey (C),2015
21670,1860.834990059642,4087.4751491053676,508.94632206759445,1192.8429423459245,1789.2644135188866,15.904572564612327,9455.268389662027,Central Goldfields (S),2015
21750,1940.2616637867195,3426.3144902493214,315.97136509503827,765.2431498395458,977.5364107627747,29.622315477659836,7454.94939521106,Colac-Otway (S),2015
21830,1167.762108353009,2003.7011039499712,280.7734031012699,344.5855401697403,663.6462255120923,38.28728224108225,4498.755663327165,Corangamite (S),2015
21890,1082.972673829044,7213.6319351011725,485.8133230824292,492.441062824345,701.8776386688847,14.58102743221479,9991.31766093809,Darebin (C),2015
22110,1993.4083418570292,4123.195817706558,665.9847709967041,1125.1278554381179,1331.9695419934083,81.82748039549949,9321.513808387315,East Gippsland (S),2015
22170,1535.6215663634157,5625.464253406977,811.2023887446588,1070.8165711806193,1855.5427260224606,27.211684844562445,10925.859190562694,Frankston (C),2015
22250,1137.8381075955685,2185.8468909072762,429.18454935622316,718.6345942708853,928.236350933227,29.94310809462022,5429.683601157801,Gannawarra (S),2015
22490,384.44903647460234,1931.8564082848766,91.30664616271805,168.19645345763854,264.3087125762891,14.416838867797587,2854.534095823922,Golden Plains (S),2015
22620,1354.7036528122321,3742.2650940177246,473.0857548622703,761.7326189400297,1321.50465247102,22.1326668941413,7675.424439997418,Greater Bendigo (C),2015
22670,1797.183430558011,6543.842764454396,867.4929127465808,1038.3726487668505,2059.0680834626387,58.269335271279765,12364.229175259758,Greater Dandenong (C),2015
22750,1108.8832708569435,5825.124226309825,364.83305727486703,723.9996512945689,947.6070089791648,15.255862610060152,8985.70307732543,Greater Geelong (C),2015
22830,2001.0731307010067,6222.579932455891,735.4101568664584,961.0832307546634,2097.3392671148563,22.093867373670424,12039.579585266547,Greater Shepparton (C),2015
22910,831.4181424901988,3400.0270379883736,216.30390698932,216.30390698932,378.53183723130996,0.0,5042.584831688522,Hepburn (S),2015
22980,819.0753549326538,1510.7389879868947,400.4368401892974,382.23516563523845,473.2435384055333,0.0,3585.7298871496178,Hindmarsh (S),2015
23110,1023.0592598182426,4736.904518062548,299.69491488880027,481.8835501988982,696.4133633746941,32.34117786569787,7270.296784208881,Hobsons Bay (C),2015
23190,2740.972994841711,6463.032264589866,1163.1435217962983,1153.0292303024173,3292.201881258218,65.74289471022556,14878.122787498734,Horsham (RC),2015
23270,1512.8398090780697,5834.871086461244,599.4659958970341,641.7327299155696,1461.29501149449,21.133367009267754,10071.337999855674,Hume (C),2015
23350,680.4484479294927,1509.9475082625884,142.57015099475083,298.1012248072063,136.08968958589853,0.0,2767.1570215799366,Indigo (S),2015
23430,882.9793432031953,4218.1036659179035,491.33527968564897,449.2578183159953,759.9836868918998,29.130550178991047,6830.790344193634,Kingston (C),2015
23670,912.7639210950597,4046.0942568457294,461.8418432564025,386.6881636166263,715.5658044334248,10.27742627552495,6533.231415522768,Knox (C),2015
23810,3461.6848860608034,8331.97367705444,1195.1378691466798,1494.262250503073,3539.1852939576875,51.666938597922446,18073.91091532061,Latrobe (C),2015
22310,462.7382897138131,2735.4189592831317,268.6206024483435,225.55928449860906,254.95034278176115,7.518642816620302,3954.8061215422786,Glen Eira (C),2015
22410,1670.3204927445454,4196.68023802067,767.3034763545255,949.9947802484601,1357.1354003549432,52.19751539826704,8993.631903121412,Glenelg (S),2015
23940,1235.7544967733077,2581.353837704243,329.53453247288206,494.3017987093231,302.0733214334752,68.6530275985171,5011.671014691748,Loddon (S),2015
24130,798.9758982961066,2533.7688708395867,492.18681027633085,335.4815926547188,653.3062593802418,24.278273152644125,4837.997704599629,Macedon Ranges (S),2015
24210,509.8708996835284,2432.142797340969,173.30587230622393,140.65404129200783,303.0759699268264,6.697811490095611,3565.747392039651,Manningham (C),2015
24250,879.5180722891565,3084.33734939759,240.96385542168676,722.8915662650603,469.8795180722892,120.48192771084338,5518.0722891566265,Mansfield (S),2015
24330,1040.5316410225707,6778.423037777645,700.4729689277375,699.2755792372627,542.4175297850686,43.10602885709154,9804.226785607376,Maribyrnong (C),2015
24410,961.6240762176119,3892.7967233549994,387.32080847653816,487.0447867509572,1210.043629240495,15.136675273795744,6953.966699314397,Maroondah (C),2015
24600,2861.683982012715,15120.948984338658,1642.1150565979221,3527.6787098775008,2856.256783997519,117.84772832997363,26126.53124515429,Melbourne (C),2015
24650,1143.4855972038085,5145.685187417139,447.4508858623599,472.30926841026877,858.7441243823068,9.792696155236833,8077.46775943112,Melton (S),2015
24780,1754.2205036310477,5756.861265679525,743.1858907856267,1301.518438177874,1674.9976421767424,49.04272375742715,11279.826464208243,Mildura (RC),2015
24850,2133.203893416447,4583.194951843241,490.5091587256981,804.7415885343485,2212.400684669034,43.43049842883785,10267.480775617607,Mitchell (S),2015
24900,1134.6287300485774,2328.2442748091603,537.8209576682858,589.8681471200555,638.445523941707,20.81887578070784,5249.826509368494,Moira (S),2015
24970,679.175165255278,3643.0913148873915,285.659365889602,272.8447401300685,431.9596766442767,5.87337013978621,5318.603632946403,Monash (C),2015
25060,944.114129934857,5244.892668690366,658.9565406454095,408.08476121187795,653.1028657919604,46.82939882759255,7955.980365102062,Moonee Valley (C),2015
25150,1019.1770383540768,3863.982727965456,307.97561595123193,406.40081280162553,736.6014732029464,38.1000762001524,6372.237744475489,Moorabool (S),2015
25250,1066.7386220543262,5680.877855729448,318.40259039395573,345.38586076632487,715.9561072135276,13.191821070936019,8140.552857228518,Moreland (C),2015
25340,1001.8385317549914,3784.1499209753897,432.21623713834146,709.6087475405606,997.3228397251879,23.868657871818854,6949.004935006289,Mornington Peninsula (S),2015
25430,1505.7915057915059,2266.9608383894097,474.3519029233315,529.5091009376723,1070.0496414782128,82.7357970215113,5929.398786541644,Mount Alexander (S),2015
25490,1657.5266498243886,1916.3226323248507,542.2392014295397,499.1065376794627,1374.0834308953108,30.809045535769304,6020.087497689321,Moyne (S),2015
25620,861.7541809683779,2607.171547506025,94.93901993719419,394.3620828160374,343.24107208062514,146.06003067260644,4447.527933980866,Murrindindi (S),2015
25710,547.9058177055047,3464.7455352864126,150.1549471262899,158.1419123989649,420.11437334270477,6.389572218139995,4747.4521580780165,Nillumbik (S),2015
25810,2389.4343557216093,4153.271352854288,825.4409592492832,1172.9950473542444,834.1298114519071,86.88852202624034,9462.160048657572,Northern Grampians (S),2015
25900,1531.8267103531323,7306.281329636787,809.3197793273405,1085.6273395129147,864.3945970670326,44.806631381444454,11642.25638727865,Port Phillip (C),2015
25990,1421.870419231897,3327.469950161243,381.11990618586924,498.3875696276752,469.0706537672237,131.92612137203164,6229.84462034594,Pyrenees (S),2015
26080,265.1640702684786,2552.2041763341067,33.145508783559826,364.6005966191581,198.87305270135897,99.43652635067949,3513.423931057342,Queenscliffe (B),2015
26170,1191.077744892803,2443.514040280084,252.65285497726126,335.66736446978996,1097.2352559012488,14.437305998700642,5334.584566519887,South Gippsland (S),2015
26260,1396.7367151291983,3320.424100057139,311.091359278776,749.1587835692972,844.3908323281062,57.13922925528538,6678.941019617802,Southern Grampians (S),2015
26350,877.3311346013099,6466.495585551365,525.2869623220092,737.4398977219037,612.3715733595204,18.528640646278987,9237.453794202389,Stonnington (C),2015
26430,1017.7081213108081,2269.489110523102,193.36454304905354,254.42703032770203,1190.7185019336455,20.35416242621616,4946.061469570527,Strathbogie (S),2015
26490,563.2148163505062,4032.341660619882,210.77364292871704,283.33506098614424,342.0752565564424,27.64244497425797,5459.382882415949,Surf Coast (S),2015
26610,2185.310402273507,4135.430447351659,965.2604243226028,1651.2322994757214,2131.4126120829046,58.797589298838744,11127.443774805233,Swan Hill (RC),2015
26670,607.4279763970843,1666.0881638320027,69.42034015966678,416.5220409580007,86.77542519958348,17.355085039916695,2863.589031586255,Towong (S),2015
26700,1463.144282283392,3532.237206724552,1004.9879918714206,1688.5276186957326,1514.8716053944208,66.50655828560872,9270.275263255126,Wangaratta (RC),2015
26730,1334.5618832481275,3403.2814171917726,805.4928070384021,573.6535489240281,1486.1490904767566,17.83378908572108,7620.972535964808,Warrnambool (C),2015
26810,2494.936256404146,4539.497200047659,567.1392827356129,1041.3439771237936,1720.4813535088765,59.573454068866916,10422.971523888955,Wellington (S),2015
26890,1649.9097705594227,1082.753286929621,283.57824181490076,464.0371229698376,489.81696313482854,0.0,3970.0953854086106,West Wimmera (S),2015
26980,676.5041647287642,3552.2508864016622,228.3201555959579,188.45473160301285,408.31858513986117,7.85228048345887,5061.700803952717,Whitehorse (C),2015
27070,1098.2768415072903,4448.891231697518,426.3115605664365,311.67315772504185,728.2609251933244,15.865136107514445,7029.278852797126,Whittlesea (C),2015
27170,1963.2251873751911,4408.828029772556,350.1128141289971,674.2913457299203,1703.8823620944527,28.527710780881247,9128.867449881998,Wodonga (RC),2015
27260,871.5873946256081,4399.395750237078,261.61917968805847,380.27705900012865,646.1850776994668,24.779958731837958,6583.844419982178,Wyndham (C),2015
27350,1381.9250485131968,9405.390853720093,1077.9464055366739,1263.0256531054054,1002.7930140996737,34.77246469473141,14165.853439669774,Yarra (C),2015
27450,814.4111614817372,2802.317786288422,329.87966361566697,369.0404285116918,596.0401165530562,25.2221875601516,4936.911344010727,Yarra Ranges (S),2015
27630,1301.967746708093,2973.8126941855307,281.10667258470187,1139.2217783695812,621.3936972924988,295.90176061547567,6613.404349755881,Yarriambiack (S),2015
20110,876.0951188986232,1568.627450980392,308.7192323738006,634.1259908218607,392.156862745098,25.031289111389235,3804.755944931164,Alpine (S),2016
20260,3212.673687936986,4097.707761748828,1256.7483848128154,1354.102132932118,2478.095406673157,35.401362952473676,12434.728737056375,Ararat (RC),2016
20570,1747.1057272099977,7206.930920800429,485.89281606992256,647.85708809323,1587.0581921337116,30.667791152342254,11705.512535459633,Ballarat (C),2016
20660,964.451071176332,4773.60119281174,361.76724476183,326.4537393078553,1149.6507886682884,10.201679353370478,7586.125716079416,Banyule (C),2016
20740,1807.569756707662,3999.285310145618,369.25642476400344,631.3093713707156,1652.7202882582412,29.778743932580923,8489.919895178822,Bass Coast (S),2016
20830,1628.8395551697054,3946.008516267725,884.6996568688247,587.0436975484724,1269.171937657613,80.61515564926206,8396.378519161603,Baw Baw (S),2016
20910,601.8536700310254,3626.83108824569,215.0178690649177,288.65412559399914,441.81753917448845,13.745434552095197,5187.919726662216,Bayside (C),2016
21010,2442.5811155668976,5585.125774699234,503.09879693765953,517.6813707619395,2340.5030987969376,94.7867298578199,11483.776886620488,Benalla (RC),2016
21110,454.1494533906641,3625.8887671078883,196.16108816007645,180.9853019700419,412.55655790686563,6.182727707051121,4875.923896242588,Boroondara (C),2016
21180,1276.5808617795187,5784.335278599408,763.9499560316572,610.060756255496,1291.0704292909106,12.990646734351268,9738.987928691342,Brimbank (C),2016
21270,955.4140127388534,2044.9212202480724,318.47133757961785,150.85484411666107,217.9014415018438,50.28494803888702,3737.847804223936,Buloke (S),2016
21370,2070.0852388039507,4735.489108375051,441.0769855229333,860.5060208361521,1875.25368691652,51.41388174807197,10033.824922202679,Campaspe (S),2016
21450,1208.1084473452995,4269.695828626417,391.19702104514454,404.7947784611522,1593.0295803522868,20.919626793857997,7887.745282624158,Cardinia (S),2016
21610,1329.9174798197016,4693.689221738421,371.1242666631131,314.4895042459414,1070.730155345822,10.660661160879371,7790.611288973878,Casey (C),2016
21670,2183.9893157357214,5059.313378898578,463.5085238431927,1068.4264278419357,3244.559666902349,15.7121533506167,12035.509466572394,Central Goldfields (S),2016
21750,1571.87076804024,4473.786032114529,681.950087057458,735.1518668988199,1213.9678854710776,96.73050880247631,8773.4571483846,Colac-Otway (S),2016
21830,1008.7087275233381,3145.166342960967,250.61086398095355,382.1815675709542,632.7924315519077,12.53054319904768,5431.9904767871685,Corangamite (S),2016
21890,1035.5511006391648,7642.640492586469,592.3013837722439,488.81136177247816,842.2395501113007,20.177299886746766,10621.721188768404,Darebin (C),2016
22110,1938.9836587388759,4386.810427921365,611.9566922956221,867.4990473201676,1710.3404989800724,40.34879289861245,9555.939118154714,East Gippsland (S),2016
22170,1633.540282361836,6252.817075475812,841.1242130363348,945.8103726536488,2137.3424255201594,20.355642147811043,11830.990011195603,Frankston (C),2016
22250,1187.1865725104901,2333.4356770033774,491.24961621123737,624.2963872684475,1248.592774536895,30.703101013202335,5915.464128543649,Gannawarra (S),2016
22490,483.5589941972921,2344.1097909183013,119.73841761075805,105.92244634797827,285.53007276411535,50.658561296859176,3389.5182831353045,Golden Plains (S),2016
22620,1410.8980334307719,4658.950016742536,442.5459514737957,701.3765079594921,2010.0093215200413,16.2900350235753,9240.069866150212,Greater Bendigo (C),2016
22670,2083.2130739579125,7132.824074964885,862.0192030170672,987.7303367903895,1977.3848235875134,35.9174667923778,13079.088979110145,Greater Dandenong (C),2016
22750,1191.8595860674682,6924.794912889276,399.15848406173995,597.4417569885134,1115.8293986271367,19.871526262813894,10248.955664896948,Greater Geelong (C),2016
22830,2217.489931021712,6411.740197213092,711.3868185114886,958.2889681033286,2319.337067728346,24.69021495918399,12642.933197537152,Greater Shepparton (C),2016
22910,883.0313014827018,3690.2800658978585,105.43657331136737,144.97528830313013,593.0807248764415,19.769357495881383,5436.5733113673805,Hepburn (S),2016
22980,1800.9823540112789,2746.9528833909408,291.06785519374205,272.87611424413313,1237.0383845734036,0.0,6348.9175914134985,Hindmarsh (S),2016
23110,974.5440526039604,4569.647771935273,275.2283752958437,440.1512149672831,985.2533279073004,40.695246152692846,7285.519988862353,Hobsons Bay (C),2016
23190,2629.9909484059135,6240.571256160113,794.5288142411747,1081.1626269737505,3675.9529317107513,40.22930705018606,14462.435884541888,Horsham (RC),2016
23270,1579.158719004116,7008.3324967372755,650.0351370344342,599.8393735568718,1761.8712980624434,82.82300973797811,11682.06003413312,Hume (C),2016
23350,501.6399768473857,1279.825069136279,167.2133256157952,302.27024245932216,392.3081870216734,12.862563508907327,2656.1193645893627,Indigo (S),2016
23430,889.7721080803872,4468.732972210648,454.5017468508606,451.2965159139716,1007.0835603705248,29.488124619378826,7300.875028045771,Kingston (C),2016
23670,1033.43311162723,4384.338393970269,519.5643506711303,408.8167728788675,848.6428675395684,20.883828955112424,7215.679325642178,Knox (C),2016
22310,614.6572104018912,3076.663289429247,330.9692671394799,313.40763255656873,582.9111786558594,14.859844647078688,4933.468422830125,Glen Eira (C),2016
22410,1524.6590260851526,4449.515116942384,456.3605248146035,653.4252968936369,1275.7351034590054,20.743660218845616,8380.43872841363,Glenelg (S),2016
23810,3832.0501197515664,8775.015899219246,799.6968999905282,1510.087547190236,4223.103256971976,31.121875972558623,19171.07559909611,Latrobe (C),2016
23940,1702.9328287606436,3270.712258413299,662.2516556291391,364.91417759156644,1000.1351533991079,13.515339910798756,7014.461413704555,Loddon (S),2016
24130,933.6099585062241,2491.7876901798063,436.5491009681881,458.16044260027667,1270.746887966805,43.222683264177036,5634.076763485477,Macedon Ranges (S),2016
24210,613.9424346448376,2761.090573012939,160.91233166094534,136.1565883284922,276.43913387905997,6.601531555320834,3955.1425930815944,Manningham (C),2016
24250,1155.862726406101,4122.974261201144,548.141086749285,1060.5338417540515,750.7149666348903,262.1544327931363,7900.381315538609,Mansfield (S),2016
24330,1090.0468478423518,7430.044775947605,681.4231614811746,691.7826352199086,615.8131611358588,43.740000230210526,10552.850581857108,Maribyrnong (C),2016
24410,1037.4343858158288,4025.8119340361686,553.2393269069054,570.9429853679263,1411.8667622664223,25.670304768480406,7624.965699161731,Maroondah (C),2016
24600,3246.6870540265036,15640.017474879862,1411.0965487112276,2966.360856269113,2902.2862967817096,109.217999126256,26275.66622979467,Melbourne (C),2016
24650,1343.9383619332207,5540.5415302587535,467.26576289558295,585.1807908363179,1160.8404924600297,17.577395469426317,9115.34433385333,Melton (S),2016
24780,2229.590031106227,6135.56354424721,718.9822489615735,1147.3913610371226,1896.1759830126473,20.489131447091474,12148.192299811872,Mildura (RC),2016
24850,2327.4084258077187,5106.550132573898,613.7680447805166,778.257880781695,1971.4229598350191,61.37680447805165,10858.7842482569,Mitchell (S),2016
24900,1251.9293431658377,2733.66489452924,600.2400960384153,600.2400960384153,685.9886811867605,13.719773623735207,5885.782884582404,Moira (S),2016
24970,738.231626117652,4845.801010378575,260.52125388403897,239.91206747130565,521.0425077680779,10.040372867741867,6615.548838487391,Monash (C),2016
25060,1014.153663640408,5405.249542765814,456.4103409072186,425.1042164406584,787.5961839481965,14.829216852581107,8103.343164554877,Moonee Valley (C),2016
25150,1310.919185687847,4380.012338062924,363.97285626156696,391.73349784083894,1178.285009253547,30.845157310302284,7655.7680444170255,Moorabool (S),2016
25250,1059.4788985650318,6158.845444181974,416.03497514367314,354.92249291917875,880.8424120626638,28.205761026689704,8898.329983899212,Moreland (C),2016
25340,1095.1472554773206,4079.5502798075886,443.63604099197016,758.6176300962691,1193.3809502683998,13.309081229759105,7583.6412378713085,Mornington Peninsula (S),2016
25430,1846.4052287581699,3741.830065359477,392.156862745098,669.9346405228757,1530.5010893246188,32.6797385620915,8213.507625272332,Mount Alexander (S),2016
25490,1763.315760770769,2163.2430467187783,515.0578682663759,605.9504332545598,1381.5669878203964,6.059504332545598,6435.193601163424,Moyne (S),2016
25620,1268.8689564646684,2741.9237220156056,211.4781594107781,568.8033253117479,357.32516590096986,58.33880259607672,5206.738131699847,Murrindindi (S),2016
25710,622.9196386115074,3105.0879695672847,153.74861309240768,142.65335235378032,565.8582976699952,34.870819464257416,4625.138690759232,Nillumbik (S),2016
25810,2238.9980269366047,4100.540447799605,977.9531611907008,1372.5658402676504,2299.0477824483146,60.0497555117097,11049.155014154585,Northern Grampians (S),2016
25900,1415.0987052170774,8224.046497422465,745.0323464354136,874.6031892937464,888.4857795999964,49.97732510249979,12197.243843071199,Port Phillip (C),2016
25990,1608.2294986960303,3824.978267168937,318.7481889307447,449.145175311504,1434.3668501883512,28.977108084613157,7664.44508838018,Pyrenees (S),2016
26080,197.69357495881385,3261.9439868204286,32.948929159802304,131.79571663920922,98.84678747940693,32.948929159802304,3756.177924217463,Queenscliffe (B),2016
26170,1209.4479225953328,2436.681844052362,277.46158224245875,302.3619806488332,1102.7319294251565,21.34319863403529,5350.028457598179,South Gippsland (S),2016
26260,1758.1448106370913,3251.622660533115,749.8897220996913,844.4136366500725,1669.9224903900686,37.8095658201525,8311.802886130192,Southern Grampians (S),2016
26350,980.208528438534,7356.4694654786435,643.9586510760888,660.9049313675648,585.9845342894603,13.378642335375805,10240.904752985667,Stonnington (C),2016
26430,1227.6111893741195,3300.4628697927146,311.9339907426041,231.43489635741597,764.7413966592876,140.8734151740793,5977.057758100222,Strathbogie (S),2016
26490,685.1416300235197,3415.482155639636,122.71193373555577,214.74588403722262,395.40511981456865,3.4086648259876604,4836.89538807649,Surf Coast (S),2016
26610,2147.1057594661247,4149.136805454809,667.343681996228,1262.1500072537358,2132.598288118381,82.20900430388316,10440.543546593162,Swan Hill (RC),2016
26670,1167.247386759582,2055.7491289198606,261.3240418118467,783.9721254355401,487.8048780487805,87.10801393728222,4843.205574912892,Towong (S),2016
26700,1754.8340021889821,3867.2017511856984,685.8810653046334,1408.245165997811,1528.6391827800073,204.30499817584823,9449.10616563298,Wangaratta (RC),2016
26730,1290.131676283474,3843.763870395029,298.8607782216304,736.7953839325344,1266.459535434236,20.713123243083295,7456.724367509987,Warrnambool (C),2016
26810,2722.113641180211,4770.763180822756,664.0450231944805,913.6505992888596,2100.4544705300586,30.612004615348386,11201.638919631714,Wellington (S),2016
26890,1322.1459445715739,1627.256547165014,406.8141367912535,406.8141367912535,483.0917874396135,0.0,4246.1225527587085,West Wimmera (S),2016
26980,661.7381576688823,3054.768006913329,155.0763839975377,185.8549029588811,506.66177367134463,9.470313526567189,4573.569538736541,Whitehorse (C),2016
27070,1092.118231505172,5347.098469839816,471.8906487998646,345.4558125180443,934.8213485718836,12.444373649785458,8203.828884884566,Whittlesea (C),2016
27170,1752.0728213189989,4460.052232561678,540.0745455006465,552.7523517330561,1305.814041938183,15.213367478891454,8625.979360531453,Wodonga (RC),2016
27260,948.9688999922216,4660.654395043765,305.18913032536733,338.1330844234579,957.2048885167443,11.896427868754948,7222.046826170312,Wyndham (C),2016
27350,1489.8346435348333,10771.482786663051,953.1038221740308,1047.438330170778,1189.4822445107075,33.61344537815126,15484.955272431553,Yarra (C),2016
27450,981.8535964859976,3130.403673006976,454.4882369699017,453.1631983781528,834.1117935059858,17.225501692736803,5871.246000039751,Yarra Ranges (S),2016
27630,1902.9068025172312,3161.5223254420134,269.7033263410249,704.2253521126761,1003.8957147138149,44.950554390170815,7087.204075516931,Yarriambiack (S),2016
